class,rank,term,coefficient
business,1,company,0.3810368431755812
business,2,mr.,0.2471243497437299
business,3,european,0.24538030779559888
business,4,its,0.24053861231930995
business,5,oil,0.22856460671123552
business,6,flight,0.22497442523585168
business,7,fed,0.22100144122779614
business,8,bank,0.2112380476020348
business,9,bp,0.20922379026869986
business,10,market,0.20604625728464485
business,11,union,0.2056098345720142
business,12,government,0.20366382266341712
business,13,rate,0.19632086481523975
business,14,economic,0.1940061838559656
business,15,companies,0.19347115281403712
business,16,business,0.19008182002620233
business,17,consumers,0.18540927942239907
business,18,percent,0.18355265630769205
business,19,airlines,0.17062134012885521
business,20,wasserman,0.17025086219179936
politics,1,mr.,0.3442574576989822
politics,2,washington,0.2730157148057702
politics,3,texas,0.2631851465976309
politics,4,republican,0.26108317291632394
politics,5,obama,0.24834577714791573
politics,6,law,0.2439019087117601
politics,7,military,0.24353313632694293
politics,8,officials,0.22561868989979703
politics,9,people,0.2081317448825729
politics,10,officers,0.20522207099645345
politics,11,guns,0.20363394019145314
politics,12,justice,0.20363279154324482
politics,13,senator,0.19226543548709793
politics,14,shooting,0.19146429396251619
politics,15,county,0.17993634714234688
politics,16,police,0.17716058236097676
politics,17,lawmakers,0.17643678454249132
politics,18,republicans,0.17115480736832975
politics,19,federal,0.16794184641481716
politics,20,community,0.16618165505544907
sports,1,game,0.4201914999926914
sports,2,players,0.41246351901296163
sports,3,league,0.40626624361872965
sports,4,team,0.39583828307686036
sports,5,football,0.33427581465976997
sports,6,club,0.3312858133899442
sports,7,open,0.2923250418417189
sports,8,player,0.2699874019159784
sports,9,season,0.2647761559493868
sports,10,sports,0.2465524623225538
sports,11,u.s.,0.23977645107138784
sports,12,cup,0.23904520094904233
sports,13,round,0.23739255413832488
sports,14,second,0.22259375334290815
sports,15,coach,0.22012735588348373
sports,16,reuters,0.21959790317979583
sports,17,won,0.21750763205156895
sports,18,play,0.2150120806460187
sports,19,tournament,0.21446611409789
sports,20,stadium,0.21174567860250815
